cst_id,cst_key,cst_firstname,cst_lastname,cst_marital_status,cst_gndr,cst_create_date
29445,AW00029445,Bonnie,Lal,S,F,1/25/2026
29446,AW00029446,Jamie,Ma,S,F,1/25/2026
29447,AW00029447,Lindsay,Deng,S,F,1/25/2026
29448,AW00029448,Lindsey,Yuan,S,F,1/25/2026
29449,AW00029449,,Chen,S,,1/25/2026
29449,AW00029449,Laura,Chen,S,F,1/26/2026
29450,AW00029450,Bradley,Chande,S,M,1/25/2026
29451,AW00029451,Geoffrey,Lopez,S,M,1/25/2026
29452,AW00029452,Meredith,Romero,S,F,1/25/2026
29453,AW00029453,Victor,Vazquez,M,M,1/25/2026
29454,AW00029454,Victoria,Bradley,M,F,1/25/2026
29455,AW00029455,Dawn,Zeng,M,F,1/25/2026
29456,AW00029456,Lindsay,She,S,F,1/25/2026
29457,AW00029457,Cynthia,Kapoor,S,F,1/25/2026
29458,AW00029458,Danny,Moreno,S,M,1/25/2026
29459,AW00029459,Marco,Malhotra,S,M,1/25/2026
29460,AW00029460,Andres,Chander,M,M,1/25/2026
29461,AW00029461,Colin,Xu,M,M,1/25/2026
29462,AW00029462,Clinton,Hernandez,S,M,1/25/2026
29463,AW00029463,Lucas,Gonzales,S,M,1/25/2026
29464,AW00029464,Eugene,Gao,S,M,1/25/2026
29465,AW00029465,Roy,Gill,S,M,1/25/2026
29466,AW00029466,,,,,1/25/2026
29466,AW00029466,Lance,Jimenez,M,,1/26/2026
29466,AW00029466,Lance,Jimenez,M,M,1/27/2026
29467,AW00029467,Monica,Mehta,M,F,1/25/2026
29468,AW00029468,Jacqueline,Morris,M,F,1/25/2026
29469,AW00029469,Dominique,Saunders,M,F,1/25/2026
29470,AW00029470,Nathan,Roberts,S,,1/25/2026
29471,AW00029471,Dana,Ortega,S,,1/25/2026
29472,AW00029472,Lacey,Sharma,M,,1/25/2026
29473,AW00029473,Carmen,,,,1/25/2026
29473,AW00029473,Carmen,Subram,S,,1/26/2026
29474,AW00029474,Jaime,Raje,M,,1/25/2026
29475,AW00029475,Jared,Ward,S,,1/25/2026
,PO25,,,,,
29476,AW00029476,Elizabeth,Bradley,M,,1/25/2026
29477,AW00029477,Neil,Ruiz,M,,1/25/2026
29478,AW00029478,Darren,Carlson,S,,1/25/2026
29479,AW00029479,Tommy,Tang,M,,1/25/2026
29480,AW00029480,Nina,Raji,S,,1/25/2026
29481,AW00029481,Ivan,Suri,S,,1/25/2026
29482,AW00029482,Clayton,Zhang,M,,1/25/2026
29483,AW00029483,,Navarro,,,1/25/2026
29483,AW00029483,Marc,Navarro,M,,1/27/2026
,13451235,,,,,
,A01Ass,,,,,
29484,AW00029484,Barbara,Nguyen,S,F,2/7/2026
29485,AW00029485,Emily,Perez,M,F,1/30/2026
29486,AW00029486,Donald,Moore,S,F,2/13/2026
29487,AW00029487,Donna,Ramirez,S,M,2/4/2026
29488,AW00029488,Matthew,Miller,S,M,2/10/2026
29489,AW00029489,Steven,Taylor,M,M,2/17/2026
29490,AW00029490,Anthony,Flores,S,M,2/17/2026
29491,AW00029491,Joseph,Gonzalez,S,F,2/17/2026
29492,AW00029492,Jessica,Thompson,S,F,2/25/2026
29493,AW00029493,Joshua,Garcia,M,F,2/25/2026
29494,AW00029494,Jennifer,Perez,M,M,2/1/2026
29495,AW00029495,Mark,Sanchez,M,F,2/23/2026
29496,AW00029496,Michael,Walker,M,F,2/19/2026
29497,AW00029497,Andrew,Young,M,F,2/12/2026
29498,AW00029498,David,Gonzalez,M,F,2/26/2026
29499,AW00029499,Lisa,Johnson,S,M,2/10/2026
29500,AW00029500,Thomas,Harris,M,M,2/5/2026
29501,AW00029501,Jessica,Walker,M,F,2/6/2026
29502,AW00029502,Sandra,Martin,S,M,2/24/2026
29503,AW00029503,John,Ramirez,S,F,2/21/2026
29504,AW00029504,William,Walker,M,F,2/18/2026
29505,AW00029505,Sarah,Thomas,S,M,2/22/2026
29506,AW00029506,Anthony,Martin,S,M,2/23/2026
29507,AW00029507,Mark,Allen,S,F,1/29/2026
29508,AW00029508,Michael,Wilson,M,F,2/7/2026
29509,AW00029509,Michael,Martinez,M,M,1/30/2026
29510,AW00029510,Christopher,Thompson,S,M,1/30/2026
29511,AW00029511,Jennifer,Garcia,M,F,2/8/2026
29512,AW00029512,Daniel,Perez,S,F,1/28/2026
29513,AW00029513,Patricia,Brown,S,F,2/16/2026
29514,AW00029514,Betty,Robinson,M,M,2/16/2026
29515,AW00029515,Patricia,Taylor,M,M,2/13/2026
29516,AW00029516,Mary,Gonzalez,M,M,1/29/2026
29517,AW00029517,David,Torres,S,F,2/20/2026
29518,AW00029518,Nancy,White,S,F,2/20/2026
29519,AW00029519,Karen,Clark,S,M,2/25/2026
29520,AW00029520,Mary,Thompson,S,F,2/5/2026
29521,AW00029521,Linda,Wright,M,M,2/20/2026
29522,AW00029522,James,Thompson,S,M,2/3/2026
29523,AW00029523,Sandra,Young,S,M,1/29/2026
29524,AW00029524,William,Brown,M,F,2/2/2026
29525,AW00029525,Richard,Allen,M,F,1/30/2026
29526,AW00029526,Nancy,Clark,M,M,2/18/2026
29527,AW00029527,Lisa,Wright,S,F,2/18/2026
29528,AW00029528,Sandra,Torres,S,F,2/13/2026
29529,AW00029529,Joshua,Garcia,S,F,2/6/2026
29530,AW00029530,Andrew,Taylor,M,M,2/21/2026
29531,AW00029531,Thomas,Sanchez,S,F,1/30/2026
29532,AW00029532,Emily,Thomas,S,F,2/9/2026
29533,AW00029533,Elizabeth,Miller,M,F,2/22/2026
29534,AW00029534,Andrew,Hernandez,S,F,2/17/2026
29535,AW00029535,Charles,Harris,M,M,2/2/2026
29536,AW00029536,Andrew,Rodriguez,S,F,1/31/2026
29537,AW00029537,William,Wilson,M,M,2/25/2026
29538,AW00029538,Robert,Lopez,S,F,2/18/2026
29539,AW00029539,Lisa,Thomas,M,F,2/24/2026
29540,AW00029540,William,Perez,S,F,2/11/2026
29541,AW00029541,Michael,Torres,M,M,2/11/2026
29542,AW00029542,Jennifer,White,M,F,2/16/2026
29543,AW00029543,Emily,King,M,M,2/10/2026
29544,AW00029544,Jennifer,King,M,M,2/25/2026
29545,AW00029545,Linda,Walker,M,F,2/5/2026
29546,AW00029546,Jennifer,Garcia,M,F,2/17/2026
29547,AW00029547,Nancy,Smith,M,F,2/7/2026
29548,AW00029548,Andrew,Miller,S,M,2/27/2026
29549,AW00029549,John,Anderson,M,M,2/2/2026
29550,AW00029550,Lisa,Harris,M,F,2/1/2026
29551,AW00029551,Margaret,Jackson,M,F,2/7/2026
29552,AW00029552,Joseph,Harris,M,F,2/18/2026
29553,AW00029553,Steven,Walker,S,M,2/8/2026
29554,AW00029554,Betty,Sanchez,S,F,1/30/2026
29555,AW00029555,James,Lopez,M,M,2/21/2026
29556,AW00029556,Jessica,Lopez,S,M,2/25/2026
29557,AW00029557,William,Wilson,M,M,1/29/2026
29558,AW00029558,Michelle,Young,S,F,2/12/2026
29559,AW00029559,Michael,Williams,M,M,2/12/2026
29560,AW00029560,Ashley,Thomas,S,M,2/26/2026
29561,AW00029561,Lisa,Martinez,M,F,2/15/2026
29562,AW00029562,William,Taylor,M,M,1/31/2026
29563,AW00029563,Sarah,King,S,F,2/9/2026
29564,AW00029564,Lisa,Allen,M,F,2/7/2026
29565,AW00029565,Patricia,Rodriguez,M,F,2/18/2026
29566,AW00029566,Lisa,Jackson,M,F,2/21/2026
29567,AW00029567,Donald,Wright,S,M,2/26/2026
29568,AW00029568,Karen,Torres,M,M,2/21/2026
29569,AW00029569,Charles,Harris,M,F,2/16/2026
29570,AW00029570,Richard,Sanchez,M,F,2/20/2026
29571,AW00029571,Emily,Clark,S,F,2/18/2026
29572,AW00029572,Daniel,Perez,S,M,1/28/2026
29573,AW00029573,Elizabeth,Lee,S,M,2/27/2026
29574,AW00029574,Lisa,Young,S,F,2/15/2026
29575,AW00029575,Matthew,Gonzalez,S,M,2/1/2026
29576,AW00029576,Matthew,Moore,S,M,2/26/2026
29577,AW00029577,Michael,Wilson,M,M,2/10/2026
29578,AW00029578,Christopher,Clark,S,F,2/7/2026
29579,AW00029579,Jennifer,Young,M,F,2/5/2026
29580,AW00029580,Christopher,Lewis,S,F,2/16/2026
29581,AW00029581,Donna,Miller,M,M,2/22/2026
29582,AW00029582,Sandra,Davis,S,F,2/13/2026
29583,AW00029583,Kimberly,Thomas,M,M,2/6/2026
29584,AW00029584,David,Torres,S,F,2/16/2026
29585,AW00029585,Susan,White,S,M,2/16/2026
29586,AW00029586,Matthew,Robinson,M,M,2/23/2026
29587,AW00029587,Robert,Hernandez,S,M,2/1/2026
29588,AW00029588,Jessica,Robinson,M,M,2/19/2026
29589,AW00029589,Robert,Davis,M,F,1/30/2026
29590,AW00029590,Emily,Lopez,S,M,2/23/2026
29591,AW00029591,Margaret,Clark,M,F,1/28/2026
29592,AW00029592,Donald,King,M,M,2/27/2026
29593,AW00029593,Mark,Walker,M,F,2/25/2026
29594,AW00029594,Charles,Wright,M,F,2/24/2026
29595,AW00029595,Susan,Rodriguez,M,F,1/31/2026
29596,AW00029596,William,Lopez,M,F,2/6/2026
29597,AW00029597,Mark,Hill,M,M,2/13/2026
29598,AW00029598,Donna,Perez,S,M,2/12/2026
29599,AW00029599,Michael,Davis,S,M,2/15/2026
29600,AW00029600,Sandra,Rodriguez,M,M,1/29/2026
29601,AW00029601,David,Lee,M,F,2/13/2026
29602,AW00029602,Sandra,Lopez,S,F,2/3/2026
29603,AW00029603,Charles,Young,M,F,2/4/2026
29604,AW00029604,Karen,Williams,S,M,2/3/2026
29605,AW00029605,William,Nguyen,S,M,2/10/2026
29606,AW00029606,Sandra,Scott,S,F,2/14/2026
29607,AW00029607,Matthew,Hernandez,M,F,2/2/2026
29608,AW00029608,Betty,Johnson,M,M,2/3/2026
29609,AW00029609,William,Williams,M,F,2/6/2026
29610,AW00029610,Steven,Walker,S,M,2/16/2026
29611,AW00029611,Paul,Anderson,S,M,2/10/2026
29612,AW00029612,Andrew,Thomas,M,M,2/9/2026
29613,AW00029613,Joshua,Anderson,M,F,2/15/2026
29614,AW00029614,Emily,Martinez,S,F,2/8/2026
29615,AW00029615,Barbara,Davis,S,F,2/1/2026
29616,AW00029616,David,Thomas,M,F,2/23/2026
29617,AW00029617,Richard,Brown,M,F,2/18/2026
29618,AW00029618,Elizabeth,Flores,M,F,1/29/2026
29619,AW00029619,Jennifer,Taylor,M,F,2/3/2026
29620,AW00029620,David,Ramirez,S,F,2/7/2026
29621,AW00029621,Paul,Hernandez,M,F,2/20/2026
29622,AW00029622,Steven,Scott,S,F,2/20/2026
29623,AW00029623,John,Taylor,S,F,2/26/2026
29624,AW00029624,Nancy,Garcia,M,M,2/27/2026
29625,AW00029625,David,Jackson,S,F,2/22/2026
29626,AW00029626,Linda,Johnson,S,F,2/4/2026
29627,AW00029627,Matthew,Gonzalez,M,F,2/8/2026
29628,AW00029628,James,Jones,M,M,2/8/2026
29629,AW00029629,Linda,Torres,S,F,2/12/2026
29630,AW00029630,Michael,Johnson,S,M,2/4/2026
29631,AW00029631,Emily,Torres,M,M,2/1/2026
29632,AW00029632,Andrew,King,M,F,2/10/2026
29633,AW00029633,David,Lopez,S,F,2/16/2026
29634,AW00029634,Michael,Lee,S,F,2/4/2026
29635,AW00029635,Joshua,Hill,S,F,2/22/2026
29636,AW00029636,Donald,Perez,S,M,2/19/2026
29637,AW00029637,Kimberly,Allen,S,F,1/30/2026
29638,AW00029638,Steven,King,S,F,2/6/2026
29639,AW00029639,Susan,Wright,S,M,2/15/2026
29640,AW00029640,Joshua,White,M,M,1/30/2026
29641,AW00029641,Susan,Thomas,S,F,2/10/2026
29642,AW00029642,Elizabeth,Torres,M,M,2/9/2026
29643,AW00029643,Nancy,Nguyen,S,M,2/23/2026
29644,AW00029644,Christopher,Sanchez,M,F,2/3/2026
29645,AW00029645,Robert,Miller,M,M,2/12/2026
29646,AW00029646,Robert,Young,M,M,2/17/2026
29647,AW00029647,Barbara,Sanchez,M,F,2/12/2026
29648,AW00029648,John,Martin,S,M,2/20/2026
29649,AW00029649,Christopher,Williams,M,M,2/12/2026
29650,AW00029650,Michael,Lopez,M,F,2/9/2026
29651,AW00029651,Thomas,Nguyen,S,F,2/16/2026
29652,AW00029652,Elizabeth,Scott,S,M,2/12/2026
29653,AW00029653,Elizabeth,Moore,M,M,2/12/2026
29654,AW00029654,Steven,Gonzalez,M,M,2/10/2026
29655,AW00029655,Joseph,Jones,S,F,1/28/2026
29656,AW00029656,Mary,Miller,S,M,2/2/2026
29657,AW00029657,Mary,Nguyen,S,F,2/6/2026
29658,AW00029658,Anthony,Rodriguez,S,M,2/25/2026
29659,AW00029659,Steven,Harris,M,M,2/3/2026
29660,AW00029660,Michael,Perez,S,M,2/17/2026
29661,AW00029661,Sarah,Thompson,S,M,2/2/2026
29662,AW00029662,Donald,Gonzalez,S,M,2/23/2026
29663,AW00029663,Michael,Young,M,M,2/8/2026
29664,AW00029664,Donald,Robinson,M,F,2/4/2026
29665,AW00029665,Joseph,Lopez,M,M,2/12/2026
29666,AW00029666,James,Lee,M,M,1/28/2026
29667,AW00029667,Christopher,Clark,S,M,2/21/2026
29668,AW00029668,Jessica,Smith,S,M,1/28/2026
29669,AW00029669,Charles,Lopez,S,M,2/25/2026
29670,AW00029670,Mary,Moore,S,M,2/21/2026
29671,AW00029671,Joseph,Lewis,S,F,2/9/2026
29672,AW00029672,Kimberly,Robinson,S,M,2/14/2026
29673,AW00029673,Steven,Robinson,S,M,2/1/2026
29674,AW00029674,Richard,Flores,S,M,2/22/2026
29675,AW00029675,Joseph,Ramirez,M,F,2/21/2026
29676,AW00029676,Daniel,Allen,M,F,2/2/2026
29677,AW00029677,Daniel,Rodriguez,S,F,2/8/2026
29678,AW00029678,Michael,King,M,M,2/18/2026
29679,AW00029679,Christopher,Gonzalez,S,M,2/9/2026
29680,AW00029680,Linda,Nguyen,M,M,2/19/2026
29681,AW00029681,Patricia,Jackson,M,M,2/6/2026
29682,AW00029682,Kimberly,Moore,M,M,2/5/2026
29683,AW00029683,Joshua,Nguyen,S,M,2/16/2026
29684,AW00029684,Daniel,Gonzalez,M,F,2/5/2026
29685,AW00029685,Donna,Sanchez,S,F,2/11/2026
29686,AW00029686,Anthony,White,M,M,2/12/2026
29687,AW00029687,Michelle,Ramirez,M,M,1/28/2026
29688,AW00029688,Mark,Lee,M,F,2/6/2026
29689,AW00029689,James,Scott,S,F,1/28/2026
29690,AW00029690,Margaret,Ramirez,S,F,2/6/2026
29691,AW00029691,Thomas,Lewis,S,F,2/16/2026
29692,AW00029692,James,Garcia,S,M,1/29/2026
29693,AW00029693,Steven,Jackson,M,M,2/26/2026
29694,AW00029694,Donna,Lopez,M,M,2/20/2026
29695,AW00029695,Michael,Flores,M,M,1/28/2026
29696,AW00029696,Thomas,Anderson,M,M,2/26/2026
29697,AW00029697,Karen,Robinson,M,M,1/28/2026
29698,AW00029698,Elizabeth,Martinez,M,M,2/1/2026
29699,AW00029699,James,Anderson,M,M,2/13/2026
29700,AW00029700,Sarah,Lewis,S,M,2/5/2026
29701,AW00029701,Kimberly,Jones,M,F,2/19/2026
29702,AW00029702,Jessica,Lopez,S,F,2/13/2026
29703,AW00029703,William,Flores,M,M,2/26/2026
29704,AW00029704,Ashley,Walker,M,M,2/11/2026
29705,AW00029705,Sarah,Flores,M,M,1/31/2026
29706,AW00029706,Margaret,Wilson,S,F,1/30/2026
29707,AW00029707,Matthew,Smith,S,F,2/13/2026
29708,AW00029708,Anthony,Taylor,M,F,1/29/2026
29709,AW00029709,Andrew,Clark,M,F,2/5/2026
29710,AW00029710,Michael,King,M,M,2/14/2026
29711,AW00029711,William,Allen,M,F,2/18/2026
29712,AW00029712,Nancy,Moore,M,F,2/24/2026
29713,AW00029713,Richard,Hernandez,S,F,1/28/2026
29714,AW00029714,Patricia,Brown,S,F,2/9/2026
29715,AW00029715,Lisa,Davis,M,M,2/7/2026
29716,AW00029716,John,Martin,M,M,2/14/2026
29717,AW00029717,Barbara,Thompson,M,F,2/14/2026
29718,AW00029718,Jessica,Anderson,M,F,2/18/2026
29719,AW00029719,Karen,Hill,M,M,2/7/2026
29720,AW00029720,Thomas,Lee,S,F,2/22/2026
29721,AW00029721,Barbara,Hernandez,S,M,2/15/2026
29722,AW00029722,Susan,Scott,S,F,2/26/2026
29723,AW00029723,Nancy,King,M,F,2/6/2026
29724,AW00029724,Sandra,Martinez,M,M,2/23/2026
29725,AW00029725,Patricia,Lopez,S,F,2/1/2026
29726,AW00029726,Thomas,Scott,S,F,2/3/2026
29727,AW00029727,Robert,Thompson,S,F,2/1/2026
29728,AW00029728,Joseph,Jackson,M,F,2/1/2026
29729,AW00029729,Sandra,Allen,S,F,2/7/2026
29730,AW00029730,James,Walker,S,F,2/21/2026
29731,AW00029731,Elizabeth,Garcia,S,F,2/6/2026
29732,AW00029732,Emily,Scott,M,F,2/16/2026
29733,AW00029733,Linda,Smith,M,M,2/7/2026
29734,AW00029734,William,Flores,S,F,2/2/2026
29735,AW00029735,Lisa,Garcia,M,M,1/29/2026
29736,AW00029736,Karen,Allen,S,F,2/24/2026
29737,AW00029737,Jessica,Walker,M,F,2/4/2026
29738,AW00029738,Karen,Robinson,S,M,2/6/2026
29739,AW00029739,William,Young,S,F,2/25/2026
29740,AW00029740,John,Jones,M,F,2/23/2026
29741,AW00029741,Paul,Johnson,M,M,1/29/2026
29742,AW00029742,Daniel,Jackson,S,F,1/30/2026
29743,AW00029743,Nancy,Harris,M,F,2/23/2026
29744,AW00029744,William,Wilson,S,M,2/21/2026
29745,AW00029745,John,Anderson,M,F,2/9/2026
29746,AW00029746,Patricia,Flores,S,F,2/15/2026
29747,AW00029747,Linda,Flores,M,M,2/11/2026
29748,AW00029748,Ashley,Garcia,M,M,2/20/2026
29749,AW00029749,Mary,King,M,F,1/31/2026
29750,AW00029750,Thomas,Moore,M,M,1/30/2026
29751,AW00029751,Donna,Thomas,M,M,2/4/2026
29752,AW00029752,Anthony,Sanchez,M,F,2/23/2026
29753,AW00029753,Anthony,Hill,M,F,2/8/2026
29754,AW00029754,Mark,Rodriguez,S,M,2/3/2026
29755,AW00029755,Richard,Hill,S,F,2/5/2026
29756,AW00029756,Margaret,Hill,M,F,2/14/2026
29757,AW00029757,Andrew,Nguyen,S,F,2/8/2026
29758,AW00029758,Karen,Hernandez,S,M,2/16/2026
29759,AW00029759,Michelle,White,M,M,2/24/2026
29760,AW00029760,Matthew,Hernandez,M,F,2/24/2026
29761,AW00029761,Elizabeth,Scott,M,F,2/23/2026
29762,AW00029762,Thomas,Ramirez,S,F,2/3/2026
29763,AW00029763,Andrew,Rodriguez,S,M,1/31/2026
29764,AW00029764,Thomas,Perez,M,F,2/26/2026
29765,AW00029765,Robert,Wright,S,F,2/22/2026
29766,AW00029766,Lisa,Scott,S,M,2/22/2026
29767,AW00029767,Jennifer,Nguyen,S,M,1/28/2026
29768,AW00029768,Joshua,Robinson,S,F,2/10/2026
29769,AW00029769,Michael,Jackson,S,M,2/17/2026
29770,AW00029770,Susan,Hill,M,M,2/13/2026
29771,AW00029771,Barbara,Hernandez,S,M,2/21/2026
29772,AW00029772,Nancy,Perez,M,M,2/15/2026
29773,AW00029773,Margaret,Allen,S,M,1/31/2026
29774,AW00029774,Jennifer,Hill,M,F,1/29/2026
29775,AW00029775,Michael,Martinez,S,F,2/26/2026
29776,AW00029776,Thomas,Lopez,M,M,1/28/2026
29777,AW00029777,Donald,Jackson,M,F,2/26/2026
29778,AW00029778,Betty,Thomas,S,M,2/27/2026
29779,AW00029779,Steven,Jones,M,F,2/25/2026
29780,AW00029780,Ashley,Thompson,S,F,2/21/2026
29781,AW00029781,Donna,Scott,S,F,2/22/2026
29782,AW00029782,Patricia,Scott,S,F,2/20/2026
29783,AW00029783,Thomas,Wright,M,F,2/22/2026
29784,AW00029784,Susan,King,M,M,2/15/2026
29785,AW00029785,Lisa,Thomas,S,F,1/31/2026
29786,AW00029786,Donald,Clark,M,M,2/20/2026
29787,AW00029787,Karen,Martin,M,F,2/4/2026
29788,AW00029788,Margaret,Smith,M,M,2/4/2026
29789,AW00029789,Steven,Sanchez,M,M,2/19/2026
29790,AW00029790,Mary,Martinez,S,F,2/14/2026
29791,AW00029791,Donald,Wilson,S,F,1/30/2026
29792,AW00029792,Emily,Harris,M,M,2/1/2026
29793,AW00029793,Karen,Williams,S,M,2/20/2026
29794,AW00029794,Linda,King,S,M,1/30/2026
29795,AW00029795,Daniel,Lewis,M,F,2/10/2026
29796,AW00029796,Steven,Lewis,S,F,2/13/2026
29797,AW00029797,William,Walker,S,F,1/29/2026
29798,AW00029798,Margaret,Jackson,S,M,2/22/2026
29799,AW00029799,Andrew,Jones,S,F,1/30/2026
29800,AW00029800,Robert,Martinez,M,M,2/19/2026
29801,AW00029801,Jennifer,Smith,S,F,2/25/2026
29802,AW00029802,Daniel,Taylor,S,M,2/8/2026
29803,AW00029803,Ashley,Martinez,M,F,2/10/2026
29804,AW00029804,Ashley,Davis,M,F,2/4/2026
29805,AW00029805,Emily,Davis,S,F,2/3/2026
29806,AW00029806,Michelle,Miller,M,M,2/1/2026
29807,AW00029807,Thomas,Lopez,M,M,2/8/2026
29808,AW00029808,Steven,Smith,S,M,2/25/2026
29809,AW00029809,Sandra,Wilson,M,M,2/8/2026
29810,AW00029810,Donald,Martinez,S,M,2/14/2026
29811,AW00029811,Betty,Miller,S,F,2/13/2026
29812,AW00029812,Andrew,Robinson,S,F,2/23/2026
29813,AW00029813,Joshua,Moore,S,F,2/19/2026
29814,AW00029814,Thomas,Walker,S,M,2/24/2026
29815,AW00029815,Mary,Perez,M,M,2/6/2026
29816,AW00029816,Joshua,White,M,F,2/5/2026
29817,AW00029817,William,Harris,M,M,2/19/2026
29818,AW00029818,Joshua,Taylor,M,M,2/25/2026
29819,AW00029819,Jennifer,Sanchez,M,F,2/11/2026
29820,AW00029820,Betty,Martin,S,F,2/24/2026
29821,AW00029821,Mary,Wilson,S,M,2/4/2026
29822,AW00029822,Ashley,Harris,S,F,2/16/2026
29823,AW00029823,Sarah,Jones,M,F,2/27/2026
29824,AW00029824,Betty,King,M,M,2/11/2026
29825,AW00029825,Linda,Clark,M,F,2/18/2026
29826,AW00029826,Thomas,Young,M,M,1/29/2026
29827,AW00029827,Matthew,Rodriguez,S,F,2/23/2026
29828,AW00029828,Karen,Gonzalez,M,F,2/15/2026
29829,AW00029829,Betty,White,S,M,2/22/2026
29830,AW00029830,Emily,Nguyen,M,F,2/9/2026
29831,AW00029831,Betty,Smith,M,F,2/22/2026
29832,AW00029832,Jennifer,Smith,S,F,2/9/2026
29833,AW00029833,Richard,Lee,M,M,2/9/2026
29834,AW00029834,Susan,Smith,M,F,2/4/2026
29835,AW00029835,John,Clark,S,F,2/7/2026
29836,AW00029836,Matthew,Thompson,S,M,2/15/2026
29837,AW00029837,Michael,Ramirez,M,M,1/29/2026
29838,AW00029838,Margaret,Garcia,S,F,2/6/2026
29839,AW00029839,Christopher,King,S,M,2/23/2026
29840,AW00029840,Sarah,Martinez,M,F,2/23/2026
29841,AW00029841,Joshua,Miller,M,M,2/16/2026
29842,AW00029842,Donald,Hill,S,M,2/20/2026
29843,AW00029843,David,Nguyen,M,F,2/19/2026
29844,AW00029844,James,Lee,M,M,2/23/2026
29845,AW00029845,Anthony,Scott,M,F,2/8/2026
29846,AW00029846,Andrew,Harris,M,F,2/26/2026
29847,AW00029847,Paul,Johnson,S,F,2/19/2026
29848,AW00029848,Nancy,Johnson,M,F,2/2/2026
29849,AW00029849,Daniel,Rodriguez,M,F,2/4/2026
29850,AW00029850,Patricia,Gonzalez,S,F,2/27/2026
29851,AW00029851,Joseph,Brown,S,F,2/12/2026
29852,AW00029852,Kimberly,Hill,S,M,2/17/2026
29853,AW00029853,Patricia,Harris,S,F,2/15/2026
29854,AW00029854,Anthony,Smith,M,F,2/15/2026
29855,AW00029855,Daniel,King,M,M,2/1/2026
29856,AW00029856,James,Flores,S,M,2/8/2026
29857,AW00029857,Christopher,Walker,S,F,2/5/2026
29858,AW00029858,Donna,Miller,M,F,2/21/2026
29859,AW00029859,Lisa,Smith,S,M,2/26/2026
29860,AW00029860,Linda,Flores,S,M,2/8/2026
29861,AW00029861,Michelle,Jackson,M,F,2/25/2026
29862,AW00029862,Kimberly,Torres,S,M,2/4/2026
29863,AW00029863,Jennifer,Davis,S,F,2/22/2026
29864,AW00029864,Mark,Anderson,M,M,2/4/2026
29865,AW00029865,Michelle,Garcia,M,F,2/12/2026
29866,AW00029866,Karen,Davis,S,M,2/27/2026
29867,AW00029867,Joseph,Harris,S,M,2/13/2026
29868,AW00029868,John,Wilson,S,M,2/13/2026
29869,AW00029869,Lisa,Flores,M,F,2/25/2026
29870,AW00029870,Susan,Robinson,S,F,2/3/2026
29871,AW00029871,Karen,Lopez,S,F,2/15/2026
29872,AW00029872,John,Flores,M,F,2/9/2026
29873,AW00029873,Nancy,Moore,S,F,2/8/2026
29874,AW00029874,Anthony,Rodriguez,S,M,1/29/2026
29875,AW00029875,Barbara,Garcia,S,M,2/3/2026
29876,AW00029876,Richard,Allen,M,M,1/31/2026
29877,AW00029877,Christopher,Lewis,S,F,2/16/2026
29878,AW00029878,Steven,Thomas,S,M,2/13/2026
29879,AW00029879,Mary,Wilson,M,M,1/30/2026
29880,AW00029880,Steven,Thompson,M,F,2/25/2026
29881,AW00029881,Donald,Wright,S,F,2/18/2026
29882,AW00029882,Robert,Lee,M,M,2/27/2026
29883,AW00029883,William,Moore,M,M,2/4/2026
29884,AW00029884,Anthony,Hernandez,M,M,2/1/2026
29885,AW00029885,Barbara,King,S,M,2/18/2026
29886,AW00029886,Anthony,White,M,M,2/12/2026
29887,AW00029887,Steven,Martinez,S,F,2/17/2026
29888,AW00029888,Joseph,Anderson,M,F,2/16/2026
29889,AW00029889,Richard,Davis,S,M,2/27/2026
29890,AW00029890,Joseph,Johnson,M,F,2/3/2026
29891,AW00029891,Ashley,Scott,M,M,2/5/2026
29892,AW00029892,David,Jones,M,M,2/10/2026
29893,AW00029893,William,King,S,F,2/7/2026
29894,AW00029894,Nancy,Hernandez,S,F,2/8/2026
29895,AW00029895,Barbara,Gonzalez,M,M,1/29/2026
29896,AW00029896,David,Rodriguez,S,F,2/4/2026
29897,AW00029897,James,Robinson,S,M,2/7/2026
29898,AW00029898,Joseph,Lee,M,M,2/26/2026
29899,AW00029899,Kimberly,Lee,S,M,1/29/2026
29900,AW00029900,James,Gonzalez,M,F,2/23/2026
29901,AW00029901,David,Thomas,M,F,2/20/2026
29902,AW00029902,Donna,Walker,S,F,2/19/2026
29903,AW00029903,Jennifer,King,S,F,2/13/2026
29904,AW00029904,Joseph,Martinez,M,M,2/22/2026
29905,AW00029905,Mary,Anderson,M,M,2/10/2026
29906,AW00029906,Patricia,Lopez,M,M,2/26/2026
29907,AW00029907,Jennifer,Lewis,M,F,1/28/2026
29908,AW00029908,William,Hernandez,M,F,2/4/2026
29909,AW00029909,Michael,Hernandez,M,M,1/28/2026
29910,AW00029910,Margaret,Hill,S,M,2/22/2026
29911,AW00029911,Mary,Sanchez,S,M,2/8/2026
29912,AW00029912,Elizabeth,Jones,M,F,2/14/2026
29913,AW00029913,Matthew,Rodriguez,S,F,2/18/2026
29914,AW00029914,Jessica,Ramirez,M,M,2/4/2026
29915,AW00029915,Michael,Moore,M,F,2/21/2026
29916,AW00029916,Sarah,Rodriguez,M,F,2/20/2026
29917,AW00029917,Joseph,Scott,M,F,2/26/2026
29918,AW00029918,Elizabeth,Jackson,M,F,2/5/2026
29919,AW00029919,Emily,Robinson,S,F,2/23/2026
29920,AW00029920,Mary,Miller,S,M,2/18/2026
29921,AW00029921,Sandra,Torres,S,F,2/13/2026
29922,AW00029922,Emily,Young,S,M,2/10/2026
29923,AW00029923,Betty,Anderson,S,M,2/24/2026
29924,AW00029924,Matthew,Miller,S,F,2/13/2026
29925,AW00029925,Elizabeth,Scott,M,F,2/7/2026
29926,AW00029926,Donald,Wright,S,F,2/18/2026
29927,AW00029927,Robert,Brown,M,M,1/29/2026
29928,AW00029928,Jessica,Flores,S,M,1/30/2026
29929,AW00029929,Steven,Flores,M,M,2/24/2026
29930,AW00029930,Betty,White,M,F,2/12/2026
29931,AW00029931,James,Wright,S,F,2/8/2026
29932,AW00029932,Daniel,Hernandez,M,F,2/20/2026
29933,AW00029933,Donna,Perez,S,F,2/6/2026
29934,AW00029934,Richard,Jackson,M,M,2/16/2026
29935,AW00029935,Donna,Lewis,M,M,2/24/2026
29936,AW00029936,Joshua,Allen,S,F,2/14/2026
29937,AW00029937,Richard,Johnson,M,F,2/19/2026
29938,AW00029938,Emily,Wilson,S,F,2/4/2026
29939,AW00029939,Joseph,Hill,S,F,2/23/2026
29940,AW00029940,Donna,Davis,S,M,2/16/2026
29941,AW00029941,Michael,Hernandez,S,F,2/17/2026
29942,AW00029942,Donna,Clark,S,M,2/5/2026
29943,AW00029943,Linda,Young,M,M,2/11/2026
29944,AW00029944,Kimberly,White,S,M,2/1/2026
29945,AW00029945,Susan,Taylor,S,M,2/17/2026
29946,AW00029946,Matthew,Flores,M,M,2/23/2026
29947,AW00029947,Patricia,Wilson,M,M,2/2/2026
29948,AW00029948,Donald,Nguyen,M,F,2/16/2026
29949,AW00029949,Robert,Lewis,S,F,2/7/2026
29950,AW00029950,Linda,Martin,M,M,1/28/2026
29951,AW00029951,Christopher,Johnson,M,M,2/27/2026
29952,AW00029952,Christopher,Martinez,M,F,2/2/2026
29953,AW00029953,Betty,Torres,S,M,2/25/2026
29954,AW00029954,Daniel,Perez,S,F,2/8/2026
29955,AW00029955,Ashley,Taylor,M,F,2/26/2026
29956,AW00029956,Susan,Perez,S,M,2/20/2026
29957,AW00029957,Thomas,Young,M,F,2/9/2026
29958,AW00029958,Patricia,Thompson,M,F,2/27/2026
29959,AW00029959,Anthony,Thomas,M,F,2/9/2026
29960,AW00029960,Michael,Allen,S,F,2/8/2026
29961,AW00029961,Sandra,Jones,M,M,2/22/2026
29962,AW00029962,Donna,White,M,M,2/9/2026
29963,AW00029963,Sarah,Walker,M,F,2/3/2026
29964,AW00029964,Lisa,Flores,M,F,2/10/2026
29965,AW00029965,Andrew,Allen,M,M,2/10/2026
29966,AW00029966,Daniel,Jackson,S,F,2/9/2026
29967,AW00029967,Lisa,Jones,S,M,2/14/2026
29968,AW00029968,Kimberly,Miller,S,F,2/6/2026
29969,AW00029969,Christopher,Harris,M,M,1/30/2026
29970,AW00029970,Kimberly,Lopez,M,F,2/24/2026
29971,AW00029971,Lisa,Rodriguez,S,M,2/9/2026
29972,AW00029972,Linda,Ramirez,S,F,2/13/2026
29973,AW00029973,Michael,Young,S,M,2/26/2026
29974,AW00029974,Matthew,Williams,M,F,2/17/2026
29975,AW00029975,James,Walker,M,F,2/12/2026
29976,AW00029976,Patricia,Rodriguez,S,F,2/21/2026
29977,AW00029977,Paul,Flores,M,M,2/8/2026
29978,AW00029978,Susan,Rodriguez,S,M,2/25/2026
29979,AW00029979,Matthew,Hill,M,F,2/1/2026
29980,AW00029980,Robert,Williams,M,M,2/22/2026
29981,AW00029981,Charles,Martinez,S,F,2/9/2026
29982,AW00029982,James,Torres,M,M,2/6/2026
29983,AW00029983,Emily,Lopez,S,F,1/28/2026
29984,AW00029984,Daniel,Garcia,S,M,2/4/2026
29985,AW00029985,Joshua,Thompson,M,F,2/13/2026
29986,AW00029986,John,Sanchez,M,F,1/31/2026
29987,AW00029987,Matthew,Walker,M,F,2/11/2026
29988,AW00029988,Patricia,Lopez,M,F,2/15/2026
29989,AW00029989,Susan,Thomas,S,M,2/17/2026
29990,AW00029990,Robert,Hernandez,M,M,2/24/2026
29991,AW00029991,Joshua,Rodriguez,M,M,2/20/2026
29992,AW00029992,Barbara,Allen,S,F,2/15/2026
29993,AW00029993,Matthew,Taylor,S,M,2/4/2026
29994,AW00029994,Thomas,Harris,S,M,2/4/2026
29995,AW00029995,William,Gonzalez,S,F,2/19/2026
29996,AW00029996,Anthony,Flores,M,F,2/8/2026
29997,AW00029997,Joshua,Lee,S,M,2/2/2026
29998,AW00029998,Susan,Wright,M,F,2/24/2026
29999,AW00029999,Robert,King,S,F,2/17/2026
30000,AW00030000,Mary,Clark,M,M,2/1/2026
30001,AW00030001,Robert,Garcia,S,M,2/12/2026
30002,AW00030002,Anthony,Ramirez,S,F,2/11/2026
30003,AW00030003,Joseph,Wilson,M,M,2/4/2026
30004,AW00030004,Robert,Jones,S,M,2/4/2026
30005,AW00030005,Linda,Nguyen,M,M,2/10/2026
30006,AW00030006,Jessica,Hill,M,M,2/13/2026
30007,AW00030007,William,Lopez,M,F,1/28/2026
30008,AW00030008,Barbara,Martinez,M,M,2/4/2026
30009,AW00030009,Donald,Rodriguez,S,F,2/4/2026
30010,AW00030010,Betty,Moore,M,F,2/4/2026
30011,AW00030011,Sarah,Johnson,S,M,2/7/2026
30012,AW00030012,Mark,Hill,S,M,2/26/2026
30013,AW00030013,David,Sanchez,M,M,2/13/2026
30014,AW00030014,Jessica,Allen,S,M,2/27/2026
30015,AW00030015,David,Anderson,M,M,2/25/2026
30016,AW00030016,Patricia,Brown,M,M,2/23/2026
30017,AW00030017,Andrew,Jackson,S,M,2/16/2026
30018,AW00030018,Charles,Garcia,S,M,2/15/2026
30019,AW00030019,Kimberly,Perez,S,M,2/4/2026
30020,AW00030020,Anthony,Williams,M,F,2/24/2026
30021,AW00030021,Patricia,Harris,M,F,2/6/2026
30022,AW00030022,Barbara,Martin,M,M,2/17/2026
30023,AW00030023,William,Jackson,S,M,2/25/2026
30024,AW00030024,Elizabeth,Harris,M,F,1/31/2026
30025,AW00030025,Michael,Martinez,M,F,2/13/2026
30026,AW00030026,Robert,White,S,F,2/4/2026
30027,AW00030027,Ashley,White,M,M,2/16/2026
30028,AW00030028,Robert,Smith,M,F,2/11/2026
30029,AW00030029,Michelle,Gonzalez,S,M,2/11/2026
30030,AW00030030,Christopher,Flores,M,M,2/7/2026
30031,AW00030031,Nancy,Brown,S,F,2/21/2026
30032,AW00030032,Ashley,King,M,M,2/10/2026
30033,AW00030033,Michelle,Williams,M,M,2/11/2026
30034,AW00030034,Betty,Hill,M,F,1/30/2026
30035,AW00030035,Emily,King,M,M,2/18/2026
30036,AW00030036,Nancy,Allen,S,M,2/26/2026
30037,AW00030037,Nancy,Martin,M,F,2/1/2026
30038,AW00030038,Elizabeth,Johnson,S,M,2/2/2026
30039,AW00030039,Richard,Torres,S,M,2/21/2026
30040,AW00030040,Donna,Perez,S,F,2/17/2026
30041,AW00030041,David,Taylor,S,F,2/8/2026
30042,AW00030042,Susan,Ramirez,S,M,1/29/2026
30043,AW00030043,Lisa,Lewis,S,F,2/22/2026
30044,AW00030044,Margaret,Torres,M,M,1/29/2026
30045,AW00030045,Betty,Sanchez,S,M,2/23/2026
30046,AW00030046,Michelle,Martin,S,M,2/14/2026
30047,AW00030047,Christopher,Smith,S,M,2/4/2026
30048,AW00030048,Matthew,Anderson,M,F,2/2/2026
30049,AW00030049,Joshua,Williams,M,M,2/18/2026
30050,AW00030050,Matthew,Jackson,M,F,2/3/2026
30051,AW00030051,Charles,Lee,M,F,2/10/2026
30052,AW00030052,Matthew,Martinez,S,F,2/27/2026
30053,AW00030053,James,Martin,M,F,1/28/2026
30054,AW00030054,Sarah,Hernandez,S,F,2/4/2026
30055,AW00030055,Joseph,Young,S,M,2/4/2026
30056,AW00030056,James,Lopez,M,F,2/1/2026
30057,AW00030057,Ashley,Ramirez,S,F,2/23/2026
30058,AW00030058,Andrew,King,M,F,1/31/2026
30059,AW00030059,Richard,Young,M,M,2/15/2026
30060,AW00030060,Kimberly,Smith,M,M,2/1/2026
30061,AW00030061,Thomas,Clark,S,F,1/30/2026
30062,AW00030062,Thomas,Walker,M,F,2/4/2026
30063,AW00030063,Paul,Williams,S,M,2/13/2026
30064,AW00030064,Patricia,Walker,M,M,2/14/2026
30065,AW00030065,Mary,Wilson,M,M,2/4/2026
30066,AW00030066,Paul,King,S,F,2/2/2026
30067,AW00030067,James,Scott,M,F,2/16/2026
30068,AW00030068,Michelle,Taylor,S,F,1/31/2026
30069,AW00030069,Daniel,Smith,S,M,1/30/2026
30070,AW00030070,Jessica,Nguyen,S,M,2/10/2026
30071,AW00030071,Barbara,Martinez,S,F,2/24/2026
30072,AW00030072,Jessica,Lopez,S,F,2/16/2026
30073,AW00030073,Margaret,Harris,M,M,2/5/2026
30074,AW00030074,Donald,Sanchez,M,F,2/24/2026
30075,AW00030075,Matthew,Thompson,S,M,2/9/2026
30076,AW00030076,Nancy,Harris,S,M,2/27/2026
30077,AW00030077,John,Garcia,S,F,2/18/2026
30078,AW00030078,Paul,Nguyen,S,M,2/27/2026
30079,AW00030079,Mary,Scott,M,F,2/27/2026
30080,AW00030080,Donna,Thomas,S,M,2/19/2026
30081,AW00030081,Donna,Clark,S,F,2/23/2026
30082,AW00030082,Ashley,Hill,S,M,2/5/2026
30083,AW00030083,Donald,King,M,F,2/3/2026
30084,AW00030084,Andrew,Garcia,M,F,2/7/2026
30085,AW00030085,Patricia,Scott,S,M,1/29/2026
30086,AW00030086,Ashley,Rodriguez,M,F,2/26/2026
30087,AW00030087,Joshua,Garcia,S,F,1/29/2026
30088,AW00030088,Daniel,Rodriguez,S,M,2/6/2026
30089,AW00030089,Andrew,Thompson,M,M,2/16/2026
30090,AW00030090,Elizabeth,Jones,M,M,2/6/2026
30091,AW00030091,Mary,Thomas,S,M,1/29/2026
30092,AW00030092,Lisa,Lewis,M,M,2/14/2026
30093,AW00030093,Karen,Robinson,M,F,2/4/2026
30094,AW00030094,Elizabeth,Ramirez,S,M,2/2/2026
30095,AW00030095,Emily,White,M,F,2/21/2026
30096,AW00030096,Elizabeth,Jackson,S,M,2/23/2026
30097,AW00030097,William,Lewis,S,F,2/10/2026
30098,AW00030098,Ashley,Lee,S,F,2/13/2026
30099,AW00030099,Patricia,Garcia,S,M,2/25/2026
30100,AW00030100,Matthew,Anderson,M,F,1/28/2026
30101,AW00030101,Charles,Flores,S,M,1/31/2026
30102,AW00030102,Betty,King,M,F,2/8/2026
30103,AW00030103,Joseph,Ramirez,S,F,2/5/2026
30104,AW00030104,James,Sanchez,M,F,1/28/2026
30105,AW00030105,Patricia,Robinson,S,F,2/13/2026
30106,AW00030106,Mary,Robinson,M,F,2/21/2026
30107,AW00030107,Matthew,Jackson,S,M,2/3/2026
30108,AW00030108,Richard,Walker,S,M,2/5/2026
30109,AW00030109,Matthew,Hill,M,F,2/24/2026
30110,AW00030110,Lisa,Gonzalez,S,M,2/12/2026
30111,AW00030111,Michelle,Nguyen,S,F,1/30/2026
30112,AW00030112,Sarah,Martinez,S,M,2/4/2026
30113,AW00030113,James,Robinson,M,F,2/21/2026
30114,AW00030114,Mary,Johnson,M,F,2/18/2026
30115,AW00030115,Nancy,Young,S,F,2/4/2026
30116,AW00030116,Donald,Wright,M,M,2/8/2026
30117,AW00030117,Sandra,Sanchez,S,F,2/10/2026
30118,AW00030118,Kimberly,Clark,M,M,2/8/2026
30119,AW00030119,Donald,Lee,S,F,2/20/2026
30120,AW00030120,Mary,Martin,M,F,2/9/2026
30121,AW00030121,Daniel,Lee,S,M,2/21/2026
30122,AW00030122,Lisa,Hill,S,M,2/7/2026
30123,AW00030123,Andrew,Garcia,M,M,1/31/2026
30124,AW00030124,Andrew,Perez,S,M,2/3/2026
30125,AW00030125,Kimberly,Young,M,F,2/20/2026
30126,AW00030126,Sandra,King,M,F,2/4/2026
30127,AW00030127,Charles,Gonzalez,S,F,2/2/2026
30128,AW00030128,John,Smith,S,F,2/16/2026
30129,AW00030129,Barbara,Wright,S,M,2/22/2026
30130,AW00030130,Ashley,Young,S,M,2/6/2026
30131,AW00030131,Karen,Martin,S,F,2/26/2026
30132,AW00030132,Donna,Williams,M,M,2/8/2026
30133,AW00030133,Matthew,Smith,M,M,2/2/2026
30134,AW00030134,Michael,Flores,S,F,2/14/2026
30135,AW00030135,James,Davis,M,F,2/21/2026
30136,AW00030136,Steven,Davis,S,M,2/11/2026
30137,AW00030137,Lisa,Walker,M,M,2/19/2026
30138,AW00030138,Jessica,King,S,F,2/14/2026
30139,AW00030139,Joseph,Garcia,M,M,2/3/2026
30140,AW00030140,Karen,Moore,S,F,2/11/2026
30141,AW00030141,Barbara,Thomas,S,F,2/25/2026
30142,AW00030142,Thomas,Miller,M,F,2/4/2026
30143,AW00030143,James,Moore,S,M,2/26/2026
30144,AW00030144,Emily,Harris,S,M,2/21/2026
30145,AW00030145,David,Hernandez,M,F,1/29/2026
30146,AW00030146,Christopher,Young,S,M,2/2/2026
30147,AW00030147,Mark,King,S,F,2/21/2026
30148,AW00030148,Anthony,Hernandez,M,F,2/6/2026
30149,AW00030149,Jessica,Williams,S,F,2/19/2026
30150,AW00030150,Joshua,Lewis,M,F,2/5/2026
30151,AW00030151,Richard,Hernandez,S,M,2/23/2026
30152,AW00030152,Donna,Torres,S,M,2/6/2026
30153,AW00030153,Karen,Lopez,S,M,2/19/2026
30154,AW00030154,John,Harris,M,F,2/2/2026
30155,AW00030155,Richard,Allen,M,F,1/29/2026
30156,AW00030156,Matthew,Rodriguez,M,M,2/17/2026
30157,AW00030157,David,Robinson,S,M,2/2/2026
30158,AW00030158,Linda,Miller,M,M,2/21/2026
30159,AW00030159,Steven,Lee,M,M,2/14/2026
30160,AW00030160,Kimberly,Jones,S,M,2/3/2026
30161,AW00030161,Nancy,Wright,S,F,2/25/2026
30162,AW00030162,Kimberly,King,M,F,2/22/2026
30163,AW00030163,Michelle,Lopez,S,F,2/15/2026
30164,AW00030164,Patricia,Harris,M,F,2/20/2026
30165,AW00030165,Kimberly,Sanchez,S,F,2/17/2026
30166,AW00030166,Joshua,Moore,S,M,2/7/2026
30167,AW00030167,Joshua,Perez,S,M,2/16/2026
30168,AW00030168,Andrew,Jones,M,F,2/17/2026
30169,AW00030169,Robert,Torres,S,F,1/28/2026
30170,AW00030170,Elizabeth,Hill,S,M,2/24/2026
30171,AW00030171,James,Allen,S,M,1/29/2026
30172,AW00030172,Mark,Thomas,M,M,2/25/2026
30173,AW00030173,Charles,Davis,M,F,2/1/2026
30174,AW00030174,Christopher,Jones,M,M,2/17/2026
30175,AW00030175,Lisa,Nguyen,S,M,2/2/2026
30176,AW00030176,James,Williams,M,M,2/18/2026
30177,AW00030177,Paul,Jackson,M,M,2/17/2026
30178,AW00030178,Jessica,Thompson,S,F,2/10/2026
30179,AW00030179,Steven,Robinson,S,M,2/6/2026
30180,AW00030180,Steven,Moore,S,M,2/17/2026
30181,AW00030181,James,Harris,M,F,2/17/2026
30182,AW00030182,Elizabeth,Lewis,S,M,2/25/2026
30183,AW00030183,Sarah,Garcia,M,M,2/26/2026
30184,AW00030184,Sandra,Moore,M,F,1/30/2026
30185,AW00030185,Daniel,Taylor,M,F,2/9/2026
30186,AW00030186,David,Gonzalez,M,M,2/15/2026
30187,AW00030187,Mary,Anderson,M,F,1/31/2026
30188,AW00030188,Paul,Wright,S,F,2/17/2026
30189,AW00030189,Jennifer,Williams,M,M,2/15/2026
30190,AW00030190,Lisa,Taylor,S,F,1/31/2026
30191,AW00030191,Donald,Martin,M,M,2/11/2026
30192,AW00030192,Michelle,Brown,S,M,2/2/2026
30193,AW00030193,Charles,Allen,S,M,1/29/2026
30194,AW00030194,Robert,Hill,M,M,1/28/2026
30195,AW00030195,Elizabeth,Martin,M,F,2/18/2026
30196,AW00030196,David,Martinez,S,M,2/11/2026
30197,AW00030197,Mark,Walker,S,F,2/27/2026
30198,AW00030198,John,Allen,M,F,2/20/2026
30199,AW00030199,Joseph,Moore,S,M,2/3/2026
30200,AW00030200,Jennifer,Thomas,M,F,2/24/2026
30201,AW00030201,Donna,Anderson,S,M,2/17/2026
30202,AW00030202,James,Smith,S,M,2/12/2026
30203,AW00030203,Sarah,Robinson,S,F,2/26/2026
30204,AW00030204,Michelle,Sanchez,M,M,2/20/2026
30205,AW00030205,Patricia,Anderson,M,M,1/29/2026
30206,AW00030206,Steven,Miller,S,F,1/31/2026
30207,AW00030207,Lisa,King,S,M,2/8/2026
30208,AW00030208,Mary,Ramirez,S,F,2/17/2026
30209,AW00030209,Paul,Hill,M,M,2/26/2026
30210,AW00030210,Mark,Flores,S,F,2/3/2026
30211,AW00030211,John,Jackson,M,M,2/24/2026
30212,AW00030212,Michelle,Wright,M,F,2/13/2026
30213,AW00030213,Ashley,Thompson,S,M,2/15/2026
30214,AW00030214,Donna,Jackson,S,M,2/9/2026
30215,AW00030215,James,Hernandez,S,F,2/11/2026
30216,AW00030216,Steven,Brown,M,F,2/24/2026
30217,AW00030217,Charles,Young,S,M,1/29/2026
30218,AW00030218,Donald,Smith,M,F,1/30/2026
30219,AW00030219,Nancy,Clark,M,M,2/17/2026
30220,AW00030220,Margaret,Hernandez,M,F,2/21/2026
30221,AW00030221,Anthony,Gonzalez,M,M,2/13/2026
30222,AW00030222,Anthony,Anderson,M,M,2/18/2026
30223,AW00030223,Mary,Hernandez,M,M,2/27/2026
30224,AW00030224,Nancy,Flores,S,F,2/18/2026
30225,AW00030225,Linda,Smith,M,F,2/12/2026
30226,AW00030226,Jennifer,Taylor,M,M,2/2/2026
30227,AW00030227,Donald,Clark,S,M,2/24/2026
30228,AW00030228,Jessica,Young,M,M,2/16/2026
30229,AW00030229,Emily,Gonzalez,S,F,2/9/2026
30230,AW00030230,Mark,Williams,M,F,2/9/2026
30231,AW00030231,Anthony,Sanchez,S,M,2/10/2026
30232,AW00030232,Christopher,Williams,S,M,2/24/2026
30233,AW00030233,Andrew,Gonzalez,M,M,2/23/2026
30234,AW00030234,Michael,White,M,F,2/6/2026
30235,AW00030235,Michael,Hill,M,M,2/22/2026
30236,AW00030236,Charles,Thomas,M,F,2/20/2026
30237,AW00030237,Margaret,Smith,M,F,2/3/2026
30238,AW00030238,Christopher,Walker,M,M,2/24/2026
30239,AW00030239,Emily,Hill,M,M,2/16/2026
30240,AW00030240,Thomas,Williams,M,F,2/10/2026
30241,AW00030241,Lisa,Thompson,S,M,2/18/2026
30242,AW00030242,James,Martinez,M,M,1/30/2026
30243,AW00030243,James,Hernandez,M,M,2/27/2026
30244,AW00030244,Matthew,Flores,S,M,2/22/2026
30245,AW00030245,Michelle,Moore,S,M,2/3/2026
30246,AW00030246,Barbara,White,S,F,2/4/2026
30247,AW00030247,Thomas,Walker,S,M,2/5/2026
30248,AW00030248,Michael,Garcia,S,F,2/15/2026
30249,AW00030249,Linda,White,S,M,1/28/2026
30250,AW00030250,Margaret,King,M,M,2/8/2026
30251,AW00030251,David,Jones,S,F,2/3/2026
30252,AW00030252,Mark,Robinson,S,F,2/17/2026
30253,AW00030253,Donald,Jones,S,M,2/15/2026
30254,AW00030254,Sandra,Garcia,M,F,2/8/2026
30255,AW00030255,Christopher,Garcia,S,F,2/7/2026
30256,AW00030256,Jessica,White,S,F,2/26/2026
30257,AW00030257,Nancy,Torres,M,F,2/18/2026
30258,AW00030258,Donna,Williams,S,F,2/9/2026
30259,AW00030259,Linda,Jones,M,F,2/23/2026
30260,AW00030260,David,Sanchez,M,F,2/26/2026
30261,AW00030261,Mark,Davis,S,F,2/3/2026
30262,AW00030262,Mark,Rodriguez,M,F,2/10/2026
30263,AW00030263,Margaret,Anderson,M,M,1/31/2026
30264,AW00030264,Kimberly,Clark,S,F,2/13/2026
30265,AW00030265,Michelle,Williams,M,M,1/29/2026
30266,AW00030266,Karen,Lewis,S,M,2/14/2026
30267,AW00030267,Jennifer,Jackson,S,F,2/27/2026
30268,AW00030268,Richard,Ramirez,S,M,1/28/2026
30269,AW00030269,Nancy,Walker,M,F,2/23/2026
30270,AW00030270,Christopher,Martinez,S,M,2/25/2026
30271,AW00030271,Joshua,Nguyen,S,F,2/25/2026
30272,AW00030272,Emily,Rodriguez,S,F,1/29/2026
30273,AW00030273,Patricia,Thomas,S,M,2/10/2026
30274,AW00030274,Paul,Young,S,F,2/2/2026
30275,AW00030275,James,Hernandez,M,M,2/17/2026
30276,AW00030276,Patricia,Lee,M,F,2/24/2026
30277,AW00030277,David,Hill,S,M,2/8/2026
30278,AW00030278,James,Lopez,S,M,2/4/2026
30279,AW00030279,Nancy,Wilson,S,M,1/31/2026
30280,AW00030280,Kimberly,Taylor,M,F,2/1/2026
30281,AW00030281,Richard,Torres,M,M,2/27/2026
30282,AW00030282,Robert,Martin,S,M,2/20/2026
30283,AW00030283,Betty,Taylor,M,M,2/22/2026
30284,AW00030284,Lisa,Flores,S,F,2/8/2026
30285,AW00030285,Susan,Taylor,M,F,2/25/2026
30286,AW00030286,Patricia,Harris,S,M,2/20/2026
30287,AW00030287,David,Gonzalez,S,M,2/5/2026
30288,AW00030288,Margaret,Martinez,M,M,2/22/2026
30289,AW00030289,James,Harris,S,M,2/7/2026
30290,AW00030290,James,Ramirez,M,F,2/2/2026
30291,AW00030291,John,Young,M,F,2/24/2026
30292,AW00030292,Steven,Hill,M,M,2/26/2026
30293,AW00030293,Jennifer,Hernandez,S,M,2/5/2026
30294,AW00030294,Elizabeth,Robinson,S,F,2/9/2026
30295,AW00030295,Barbara,Smith,M,M,2/21/2026
30296,AW00030296,Matthew,Taylor,M,M,2/21/2026
30297,AW00030297,Sandra,Torres,S,M,2/13/2026
30298,AW00030298,Charles,Harris,M,M,2/17/2026
30299,AW00030299,Michelle,Gonzalez,M,F,2/10/2026
30300,AW00030300,Richard,Walker,S,M,2/22/2026
30301,AW00030301,Michelle,Anderson,S,F,2/11/2026
30302,AW00030302,Ashley,Scott,M,M,2/23/2026
30303,AW00030303,Jennifer,Flores,S,F,2/12/2026
30304,AW00030304,Charles,Williams,M,F,2/9/2026
30305,AW00030305,Anthony,Anderson,M,F,1/31/2026
30306,AW00030306,Emily,Martin,M,M,2/8/2026
30307,AW00030307,Mary,Young,M,M,2/5/2026
30308,AW00030308,William,Jackson,M,M,2/18/2026
30309,AW00030309,Michael,Brown,M,F,2/24/2026
30310,AW00030310,Michael,Harris,S,M,2/25/2026
30311,AW00030311,Andrew,Taylor,S,F,2/22/2026
30312,AW00030312,Matthew,Thompson,M,M,2/26/2026
30313,AW00030313,Joseph,Jones,S,F,1/31/2026
30314,AW00030314,William,Miller,M,M,2/18/2026
30315,AW00030315,Betty,Lee,M,F,2/13/2026
30316,AW00030316,Robert,Moore,S,F,2/6/2026
30317,AW00030317,Karen,Hill,M,M,2/17/2026
30318,AW00030318,David,Martinez,M,M,2/16/2026
30319,AW00030319,Robert,Lewis,S,M,2/3/2026
30320,AW00030320,Paul,Davis,M,M,2/23/2026
30321,AW00030321,Susan,Walker,M,F,2/24/2026
30322,AW00030322,Joshua,Johnson,S,F,2/18/2026
30323,AW00030323,Donald,Wright,S,F,2/3/2026
30324,AW00030324,Mary,Lopez,S,M,2/25/2026
30325,AW00030325,Susan,White,S,F,2/26/2026
30326,AW00030326,Richard,Hernandez,M,M,2/11/2026
30327,AW00030327,Barbara,Nguyen,M,F,2/3/2026
30328,AW00030328,Thomas,Nguyen,M,F,2/27/2026
30329,AW00030329,Andrew,Williams,M,F,2/14/2026
30330,AW00030330,Margaret,Lewis,M,F,2/15/2026
30331,AW00030331,Robert,Anderson,M,F,2/16/2026
30332,AW00030332,Emily,Scott,S,F,2/14/2026
30333,AW00030333,Mark,Thomas,S,M,2/26/2026
30334,AW00030334,Matthew,Walker,S,M,1/29/2026
30335,AW00030335,Christopher,Harris,M,F,2/22/2026
30336,AW00030336,Kimberly,Williams,M,M,2/22/2026
30337,AW00030337,Michael,Moore,S,F,2/7/2026
30338,AW00030338,Mark,Walker,M,F,2/23/2026
30339,AW00030339,Sandra,Taylor,S,F,2/2/2026
30340,AW00030340,Jennifer,Hill,S,F,1/30/2026
30341,AW00030341,Elizabeth,Robinson,M,F,2/9/2026
30342,AW00030342,Anthony,Taylor,M,F,2/27/2026
30343,AW00030343,Michael,Anderson,S,M,1/30/2026
30344,AW00030344,Donna,Walker,M,M,1/31/2026
30345,AW00030345,Joseph,Flores,S,F,1/30/2026
30346,AW00030346,Joshua,Rodriguez,S,F,2/22/2026
30347,AW00030347,Emily,Jones,M,F,2/18/2026
30348,AW00030348,Susan,Anderson,S,M,2/27/2026
30349,AW00030349,Mark,Williams,S,F,2/15/2026
30350,AW00030350,Kimberly,Young,M,M,2/6/2026
30351,AW00030351,Ashley,Sanchez,S,F,2/11/2026
30352,AW00030352,Donald,Perez,M,M,2/22/2026
30353,AW00030353,Charles,Anderson,S,M,2/5/2026
30354,AW00030354,Matthew,Brown,S,M,2/17/2026
30355,AW00030355,Barbara,Jones,M,F,2/10/2026
30356,AW00030356,Emily,Perez,S,F,2/12/2026
30357,AW00030357,Michael,Garcia,S,M,2/7/2026
30358,AW00030358,Linda,Davis,S,F,1/29/2026
30359,AW00030359,Betty,Thompson,S,M,2/4/2026
30360,AW00030360,Donald,Smith,M,F,2/4/2026
30361,AW00030361,Anthony,Martinez,S,M,2/19/2026
30362,AW00030362,Ashley,Moore,S,F,2/24/2026
30363,AW00030363,Elizabeth,Scott,S,M,2/17/2026
30364,AW00030364,Mary,Garcia,S,F,2/20/2026
30365,AW00030365,Steven,Flores,S,F,2/7/2026
30366,AW00030366,Jennifer,Martinez,M,F,2/13/2026
30367,AW00030367,Anthony,Williams,M,F,2/27/2026
30368,AW00030368,Matthew,King,S,M,2/24/2026
30369,AW00030369,Emily,Rodriguez,S,M,2/6/2026
30370,AW00030370,Barbara,Johnson,S,F,2/27/2026
30371,AW00030371,Donald,Martin,M,M,2/22/2026
30372,AW00030372,Thomas,Flores,S,F,2/16/2026
30373,AW00030373,Donald,Thompson,M,F,2/9/2026
30374,AW00030374,Emily,Smith,S,F,2/3/2026
30375,AW00030375,Donna,King,M,M,1/30/2026
30376,AW00030376,Margaret,Anderson,M,M,2/2/2026
30377,AW00030377,John,Davis,M,M,1/30/2026
30378,AW00030378,Michelle,Taylor,S,M,2/21/2026
30379,AW00030379,Richard,Brown,S,M,2/7/2026
30380,AW00030380,Donna,Brown,M,M,2/10/2026
30381,AW00030381,Thomas,Clark,M,M,1/29/2026
30382,AW00030382,Kimberly,Wright,M,M,2/3/2026
30383,AW00030383,Michael,Harris,S,M,2/26/2026
30384,AW00030384,Jennifer,Robinson,S,F,2/25/2026
30385,AW00030385,Richard,Perez,S,F,1/30/2026
30386,AW00030386,Elizabeth,Scott,M,M,2/4/2026
30387,AW00030387,John,Torres,S,F,2/17/2026
30388,AW00030388,Susan,Davis,S,F,2/19/2026
30389,AW00030389,Jennifer,White,M,M,2/3/2026
30390,AW00030390,Donna,Davis,S,F,2/11/2026
30391,AW00030391,Sandra,Williams,M,F,2/7/2026
30392,AW00030392,Kimberly,Robinson,M,M,2/22/2026
30393,AW00030393,Donald,Clark,M,M,2/19/2026
30394,AW00030394,David,Smith,S,M,2/15/2026
30395,AW00030395,Emily,Anderson,S,F,2/3/2026
30396,AW00030396,David,Lewis,S,F,2/8/2026
30397,AW00030397,Mark,King,S,F,2/23/2026
30398,AW00030398,John,Thompson,S,F,2/9/2026
30399,AW00030399,Joseph,Hernandez,S,F,2/7/2026
30400,AW00030400,Donald,King,S,F,2/1/2026
30401,AW00030401,Michelle,Wilson,M,M,2/17/2026
30402,AW00030402,Matthew,Young,S,M,2/1/2026
30403,AW00030403,Michael,Harris,M,M,2/8/2026
30404,AW00030404,Paul,Lewis,S,F,2/8/2026
30405,AW00030405,Anthony,King,S,M,2/8/2026
30406,AW00030406,Joshua,Sanchez,S,F,2/26/2026
30407,AW00030407,Nancy,Sanchez,M,M,2/21/2026
30408,AW00030408,John,Jones,M,F,2/13/2026
30409,AW00030409,Richard,Nguyen,M,F,2/17/2026
30410,AW00030410,Elizabeth,Ramirez,M,M,2/23/2026
30411,AW00030411,Mark,Anderson,M,F,2/14/2026
30412,AW00030412,Lisa,Moore,S,M,2/12/2026
30413,AW00030413,Andrew,Moore,S,M,2/26/2026
30414,AW00030414,Barbara,Jackson,S,F,2/2/2026
30415,AW00030415,Ashley,Nguyen,M,F,2/26/2026
30416,AW00030416,Jessica,Sanchez,S,M,2/14/2026
30417,AW00030417,Michael,Garcia,M,F,2/1/2026
30418,AW00030418,Robert,Smith,S,M,2/13/2026
30419,AW00030419,Margaret,Lewis,S,M,1/31/2026
30420,AW00030420,James,Anderson,S,F,2/3/2026
30421,AW00030421,Charles,Hernandez,M,M,2/10/2026
30422,AW00030422,Karen,Hill,M,M,2/5/2026
30423,AW00030423,Jennifer,Scott,M,M,2/9/2026
30424,AW00030424,Jennifer,Miller,S,M,2/22/2026
30425,AW00030425,Mary,Garcia,M,F,2/13/2026
30426,AW00030426,Anthony,Moore,M,M,2/7/2026
30427,AW00030427,Donald,Flores,M,F,2/1/2026
30428,AW00030428,Mark,Thompson,S,M,2/3/2026
30429,AW00030429,Jennifer,Hill,S,F,2/2/2026
30430,AW00030430,Karen,Moore,S,F,2/4/2026
30431,AW00030431,John,Brown,S,F,2/17/2026
30432,AW00030432,Steven,Johnson,S,F,2/12/2026
30433,AW00030433,Charles,Wilson,S,M,1/29/2026
30434,AW00030434,Matthew,Hill,M,M,2/3/2026
30435,AW00030435,Donna,Thomas,S,M,2/14/2026
30436,AW00030436,Joseph,Hernandez,S,M,2/19/2026
30437,AW00030437,David,Rodriguez,S,M,2/24/2026
30438,AW00030438,Joshua,Ramirez,M,F,2/20/2026
30439,AW00030439,Barbara,Davis,M,F,2/21/2026
30440,AW00030440,David,Nguyen,M,F,2/20/2026
30441,AW00030441,Jessica,White,S,M,2/10/2026
30442,AW00030442,Margaret,Nguyen,M,M,2/6/2026
30443,AW00030443,Charles,Garcia,M,M,2/16/2026
30444,AW00030444,Michelle,Nguyen,M,F,2/21/2026
30445,AW00030445,Emily,Clark,S,M,2/15/2026
30446,AW00030446,David,Jones,M,F,1/28/2026
30447,AW00030447,Sandra,Lewis,M,M,2/7/2026
30448,AW00030448,Donald,Lee,M,M,2/20/2026
30449,AW00030449,Christopher,Wright,M,F,2/16/2026
30450,AW00030450,Linda,Rodriguez,M,F,2/26/2026
30451,AW00030451,Matthew,Flores,S,F,2/7/2026
30452,AW00030452,Ashley,White,S,M,2/20/2026
30453,AW00030453,David,Johnson,M,F,2/6/2026
30454,AW00030454,Thomas,Sanchez,M,M,2/1/2026
30455,AW00030455,Robert,Garcia,M,M,2/10/2026
30456,AW00030456,Elizabeth,Gonzalez,M,F,2/2/2026
30457,AW00030457,David,Martin,M,M,2/4/2026
30458,AW00030458,Steven,Flores,S,M,2/14/2026
30459,AW00030459,Linda,Davis,S,F,1/28/2026
30460,AW00030460,Michael,Martin,M,F,2/1/2026
30461,AW00030461,Ashley,Hernandez,M,M,1/28/2026
30462,AW00030462,William,Sanchez,M,F,2/14/2026
30463,AW00030463,Steven,Walker,M,M,2/9/2026
30464,AW00030464,Sandra,Young,M,F,2/16/2026
30465,AW00030465,Mark,Martin,S,F,2/16/2026
30466,AW00030466,Sarah,Lee,M,F,2/18/2026
30467,AW00030467,Donald,Hernandez,S,F,2/25/2026
30468,AW00030468,Elizabeth,Lee,S,F,2/2/2026
30469,AW00030469,Michelle,Wright,S,M,2/24/2026
30470,AW00030470,Michelle,Lee,M,M,1/30/2026
30471,AW00030471,Patricia,Clark,M,F,2/4/2026
30472,AW00030472,William,Scott,S,F,2/26/2026
30473,AW00030473,Karen,Wilson,M,F,2/8/2026
30474,AW00030474,James,Lee,S,F,2/8/2026
30475,AW00030475,Emily,Hill,M,F,2/3/2026
30476,AW00030476,Lisa,Robinson,S,M,2/15/2026
30477,AW00030477,Donna,Smith,S,F,2/27/2026
30478,AW00030478,Charles,King,S,F,2/6/2026
30479,AW00030479,James,Williams,S,M,2/26/2026
30480,AW00030480,Daniel,Young,M,F,2/23/2026
30481,AW00030481,Ashley,Hill,M,M,2/23/2026
30482,AW00030482,Donna,Moore,M,F,2/25/2026
30483,AW00030483,Charles,Rodriguez,M,M,2/19/2026
